2025-10-06_19-53-44,None,draft.py:2025-10-06_19-53-44
2025-10-06_19-57-28,None,draft.py:2025-10-06_19-57-28
2025-10-06_20-01-38,None,draft.py:2025-10-06_20-01-38
2025-10-06_20-05-01,None,draft.py:2025-10-06_20-05-01
2025-10-06_20-05-53,None,draft.py:2025-10-06_20-05-53
2025-10-06_20-05-58,None,draft.py:2025-10-06_20-05-58
2025-10-06_21-22-03,None,draft.py:2025-10-06_21-22-03
2025-10-06_21-22-32,None,draft.py:2025-10-06_21-22-32
2025-10-06_21-24-49,None,draft.py:2025-10-06_21-24-49
2025-10-06_21-26-10,None,draft.py:2025-10-06_21-26-10
2025-10-06_21-26-26,None,draft.py:2025-10-06_21-26-10
2025-10-09_13-58-58,None,draft.py:2025-10-09_13-58-58
2025-10-09_13-59-03,None,draft.py:2025-10-09_13-58-58
2025-10-09_13-59-56,None,draft.py:2025-10-09_13-58-58
